,state,year,residential_price,perc_residential_rev,perc_commercial_rev,perc_industrial_rev
0,AK,2009,17.18166667,0.380929457,0.435572042,0.183499526
1,AK,2010,16.29083333,0.366902121,0.4292827,0.203815213
2,AK,2011,17.70833333,0.368021743,0.425756087,0.206221323
3,AK,2012,17.95416667,0.366593363,0.411022013,0.222382587
4,AK,2013,18.18583333,0.366970305,0.426814538,0.206215169
5,AK,2014,19.29166667,0.362281672,0.439177941,0.198540379
6,AK,2015,19.91916667,0.372469596,0.445534527,0.181995905
7,AK,2016,20.36833333,0.369281749,0.438067339,0.19265092
8,AK,2017,21.335,0.36872061,0.433918802,0.197360615
9,AK,2018,22.00583333,0.373068537,0.425963237,0.200968254
10,AK,2019,22.9925,0.371610761,0.450103443,0.178285762
11,AK,2020,22.48,0.42758676,0.404943895,0.167469345
12,AL,2009,10.64416667,0.454922138,0.302949329,0.242129025
13,AL,2010,10.71416667,0.464935645,0.291424356,0.24363993
14,AL,2011,11.1025,0.447843698,0.289956816,0.26219943
15,AL,2012,11.385,0.438192125,0.294394712,0.267412797
16,AL,2013,11.255,0.444499916,0.300738788,0.254761297
17,AL,2014,11.51166667,0.448457607,0.29618294,0.255359457
18,AL,2015,11.7125,0.446616857,0.308181392,0.245201753
19,AL,2016,12.015,0.451559732,0.3128228,0.23561747
20,AL,2017,12.56166667,0.444329999,0.311933065,0.243736938
21,AL,2018,12.21166667,0.46004024,0.304464947,0.235494821
22,AL,2019,12.62833333,0.471967675,0.301045195,0.226987132
23,AL,2020,12.39,0.486682891,0.288943663,0.224373432
24,AR,2009,9.1375,0.471554587,0.266803333,0.261626045
25,AR,2010,8.889166667,0.480167431,0.255910407,0.263908283
26,AR,2011,9.015833333,0.470005859,0.257474333,0.272506621
27,AR,2012,9.265,0.461188276,0.263371121,0.275425435
28,AR,2013,9.590833333,0.46957672,0.259189251,0.271220885
29,AR,2014,9.570833333,0.469417142,0.259785006,0.270785316
30,AR,2015,9.853333333,0.467796815,0.267403575,0.264786644
31,AR,2016,9.915,0.465728208,0.268765199,0.26549479
32,AR,2017,10.26916667,0.457210182,0.267265506,0.275511764
33,AR,2018,9.815833333,0.485502754,0.247783187,0.266701022
34,AR,2019,9.803333333,0.469283648,0.265108145,0.265595642
35,AR,2020,9.84,0.544070534,0.23491154,0.221007465
36,AZ,2009,10.56666667,0.489986267,0.39950165,0.110512389
37,AZ,2010,10.75916667,0.49139782,0.396423292,0.112179134
38,AZ,2011,10.9125,0.491448069,0.393120301,0.115431892
39,AZ,2012,11.12583333,0.493354569,0.392183702,0.114461627
40,AZ,2013,11.56416667,0.493946514,0.393257691,0.112795803
41,AZ,2014,11.74083333,0.483855077,0.390044117,0.126100805
42,AZ,2015,11.97416667,0.49090463,0.387927277,0.121093594
43,AZ,2016,12.02666667,0.494803691,0.388423666,0.116681087
44,AZ,2017,12.33166667,0.504549234,0.384168585,0.111190555
45,AZ,2018,12.705,0.509646025,0.378461191,0.111795555
46,AZ,2019,12.51916667,0.517226804,0.375511967,0.1071303
47,AZ,2020,11.68,0.523773688,0.367366158,0.108712411
48,CA,2009,14.665,0.386834682,0.465643078,0.145428989
49,CA,2010,14.73166667,0.385880736,0.468492504,0.143582501
50,CA,2011,14.74166667,0.384027381,0.466144657,0.147835409
51,CA,2012,15.27,0.394689867,0.463101219,0.140780413
52,CA,2013,16.1775,0.389322302,0.443121365,0.165607278
53,CA,2014,16.08916667,0.363873103,0.470535495,0.163675958
54,CA,2015,16.88166667,0.376758935,0.462879122,0.158438965
55,CA,2016,17.23916667,0.390447465,0.452946678,0.154593847
56,CA,2017,18.1575,0.397780918,0.451431425,0.148992465
57,CA,2018,18.725,0.394214663,0.44931218,0.154898671
58,CA,2019,19.17666667,0.398920715,0.449968112,0.14944289
59,CA,2020,19.94,0.466430186,0.409833669,0.122135217
60,CO,2009,9.976666667,0.410044627,0.384766684,0.204349073
61,CO,2010,11.01833333,0.412270401,0.370109053,0.216718704
62,CO,2011,11.22833333,0.409035238,0.375021642,0.214944202
63,CO,2012,11.4075,0.411982389,0.373517035,0.213477949
64,CO,2013,11.895,0.417210502,0.37607769,0.205471387
65,CO,2014,12.15833333,0.409715978,0.378506452,0.210475958
66,CO,2015,12.10083333,0.412663024,0.375660496,0.210462128
67,CO,2016,12.03916667,0.420144939,0.371470553,0.207192181
68,CO,2017,12.145,0.412026069,0.373333088,0.213318657
69,CO,2018,12.1225,0.412705584,0.372908347,0.212889105
70,CO,2019,12.20333333,0.418074534,0.372350819,0.207789397
71,CO,2020,11.74,0.441047226,0.350940584,0.206298626
72,CT,2009,20.38083333,0.474799991,0.417557176,0.103457882
73,CT,2010,19.3,0.473862532,0.419415409,0.102615685
74,CT,2011,18.1375,0.477560542,0.41847554,0.100048495
75,CT,2012,17.385,0.48060221,0.416149436,0.099130266
76,CT,2013,17.61416667,0.491637151,0.409268721,0.094868866
77,CT,2014,19.81583333,0.502318402,0.401963575,0.091325751
78,CT,2015,20.98333333,0.51217986,0.397346509,0.085659312
79,CT,2016,20.1175,0.506460242,0.40242047,0.087113233
80,CT,2017,20.35583333,0.507316379,0.402297067,0.086447287
81,CT,2018,21.27166667,0.518362662,0.393070097,0.084201375
82,CT,2019,22.00833333,0.521644112,0.396005031,0.077673083
83,CT,2020,21.93,0.557997801,0.364043368,0.072654779
84,DE,2009,14.1475,0.441449432,0.368225332,0.190324424
85,DE,2010,13.905,0.468428311,0.355863141,0.175709414
86,DE,2011,13.77083333,0.477269307,0.345789846,0.176939275
87,DE,2012,13.65166667,0.477275823,0.339280974,0.183442364
88,DE,2013,13.05416667,0.475794372,0.344180276,0.18002538
89,DE,2014,13.41,0.482184642,0.347951312,0.169864059
90,DE,2015,13.56416667,0.501299077,0.33971155,0.158989389
91,DE,2016,13.53333333,0.508948309,0.343473666,0.14757804
92,DE,2017,13.43166667,0.511098542,0.34210728,0.146794154
93,DE,2018,12.62666667,0.509908207,0.338409333,0.151682487
94,DE,2019,12.785,0.524077393,0.361981156,0.113941459
95,DE,2020,12.17,0.543312414,0.336555113,0.120132473
96,FL,2009,12.39916667,0.551098765,0.386820189,0.061735869
97,FL,2010,11.4575,0.56904905,0.367318765,0.063329505
98,FL,2011,11.49666667,0.556511346,0.381835487,0.061331301
99,FL,2012,11.4175,0.552593673,0.389092495,0.058000563
100,FL,2013,11.265,0.560491118,0.383667588,0.055487312
101,FL,2014,11.87916667,0.566562249,0.378913219,0.054160259
102,FL,2015,11.58,0.572972955,0.370097921,0.056580931
103,FL,2016,10.9825,0.576269417,0.367423384,0.055961908
104,FL,2017,11.6,0.576860063,0.368536353,0.054291709
105,FL,2018,11.55416667,0.585103343,0.36091345,0.053702711
106,FL,2019,11.96666667,0.587188233,0.36265822,0.049869622
107,FL,2020,11.73,0.577209769,0.368502017,0.053984282
108,GA,2009,10.06916667,0.47919593,0.361696812,0.158005203
109,GA,2010,10.01083333,0.489185474,0.35262333,0.157144727
110,GA,2011,10.965,0.478675048,0.358846429,0.161435663
111,GA,2012,11.06583333,0.482654865,0.362389275,0.153971134
112,GA,2013,11.38916667,0.481353915,0.360595135,0.157053912
113,GA,2014,11.60916667,0.48526512,0.357446533,0.156447977
114,GA,2015,11.4225,0.492011892,0.361219275,0.146085255
115,GA,2016,11.40166667,0.495687374,0.358998544,0.144655865
116,GA,2017,11.82083333,0.492195782,0.359067052,0.148044801
117,GA,2018,11.40583333,0.503714288,0.347934044,0.14765335
118,GA,2019,11.35166667,0.511596978,0.348855433,0.138844962
119,GA,2020,10.9,0.527484823,0.344778445,0.127148551
120,HI,2009,24.15166667,0.344727276,0.344887449,0.310385654
121,HI,2010,28.09333333,0.334114479,0.345634133,0.320252199
122,HI,2011,34.69916667,0.323380893,0.346451166,0.330167823
123,HI,2012,37.35916667,0.311866567,0.344260489,0.343873546
124,HI,2013,36.97833333,0.305303659,0.352393744,0.342302594
125,HI,2014,37.05,0.302267324,0.345844244,0.351888442
126,HI,2015,29.67166667,0.313844107,0.344013634,0.342142263
127,HI,2016,27.45,0.318012196,0.340388712,0.341599098
128,HI,2017,29.52583333,0.319352868,0.339683606,0.340963531
129,HI,2018,32.455,0.322989533,0.332999101,0.344011377
130,HI,2019,32.19833333,0.326549856,0.328234122,0.345216022
131,HI,2020,31.7,0.341791398,0.314642078,0.343566524
132,IA,2009,10.0775,0.425327271,0.275069538,0.299603502
133,IA,2010,10.47166667,0.433596804,0.274144808,0.292258804
134,IA,2011,10.5,0.431677838,0.275848562,0.292473371
135,IA,2012,10.81166667,0.426134324,0.278458027,0.295406901
136,IA,2013,11.07583333,0.427255731,0.27883927,0.293905001
137,IA,2014,11.2425,0.417080376,0.278652019,0.304267607
138,IA,2015,11.67166667,0.405783997,0.274590516,0.319625497
139,IA,2016,11.94083333,0.404363019,0.273748094,0.321888886
140,IA,2017,12.345,0.396216644,0.269942155,0.333841204
141,IA,2018,12.26333333,0.397776064,0.264511963,0.337711973
142,IA,2019,12.99333333,0.392792023,0.270589689,0.336618291
143,IA,2020,11.72,0.442627708,0.264827368,0.292544898
144,ID,2009,7.821666667,0.453418742,0.265177326,0.281404988
145,ID,2010,8.011666667,0.439098003,0.263649741,0.297253466
146,ID,2011,7.894166667,0.44460752,0.258211822,0.297179987
147,ID,2012,8.68,0.43792914,0.253729359,0.308341524
148,ID,2013,9.365,0.445027373,0.255573542,0.299399069
149,ID,2014,9.776666667,0.436018077,0.262603693,0.301378228
150,ID,2015,9.985,0.434156281,0.265728329,0.300115386
151,ID,2016,10.00166667,0.441974264,0.26570493,0.292320809
152,ID,2017,10.095,0.452433254,0.265265029,0.282301718
153,ID,2018,10.1725,0.446403178,0.266899741,0.286697099
154,ID,2019,9.939166667,0.46046283,0.264135062,0.27540209
155,ID,2020,9.91,0.566152476,0.255627177,0.178220347
156,IL,2009,11.33,0.398281355,0.364588693,0.233601475
157,IL,2010,11.54333333,0.417962724,0.348065924,0.231054422
158,IL,2011,11.85833333,0.428885726,0.341732707,0.226616198
159,IL,2012,11.49,0.438710556,0.338609742,0.219830413
160,IL,2013,10.67,0.419586786,0.351690428,0.226106518
161,IL,2014,11.99666667,0.412269006,0.354425564,0.230274396
162,IL,2015,12.58083333,0.426538961,0.349251185,0.221453661
163,IL,2016,12.61666667,0.43222765,0.348667317,0.216460091
164,IL,2017,13.04,0.432602002,0.349983864,0.214858571
165,IL,2018,12.82916667,0.43822091,0.339021585,0.220020199
166,IL,2019,12.95333333,0.445747962,0.343858353,0.207344042
167,IL,2020,12.52,0.45326839,0.337963295,0.202869899
168,IN,2009,9.576666667,0.406659263,0.26083682,0.332249309
169,IN,2010,9.67,0.408650914,0.251537052,0.339586661
170,IN,2011,10.14166667,0.399344648,0.249898091,0.350516233
171,IN,2012,10.60916667,0.395296955,0.252089125,0.352389608
172,IN,2013,11.05916667,0.397604612,0.253150982,0.349015883
173,IN,2014,11.56,0.396698647,0.24868021,0.354404871
174,IN,2015,11.64666667,0.396749444,0.250491867,0.352536251
175,IN,2016,11.86416667,0.404461197,0.254151957,0.341170232
176,IN,2017,12.35166667,0.39916771,0.258223625,0.342375166
177,IN,2018,12.30166667,0.415766889,0.253529633,0.330484223
178,IN,2019,12.355,0.419049255,0.268493294,0.312224406
179,IN,2020,11.91,0.461790139,0.263388708,0.274573172
180,KS,2009,9.535833333,0.406893516,0.388937851,0.204168382
181,KS,2010,10.0025,0.41771713,0.380860116,0.201424024
182,KS,2011,10.58583333,0.412754958,0.382430494,0.20481362
183,KS,2012,11.16666667,0.403581486,0.383385938,0.213032492
184,KS,2013,11.62416667,0.404894032,0.382770517,0.212335455
185,KS,2014,12.19416667,0.40053386,0.379491673,0.219974466
186,KS,2015,12.39166667,0.399054606,0.386580307,0.214365089
187,KS,2016,13.0925,0.404684831,0.391441132,0.203874035
188,KS,2017,13.30833333,0.40057898,0.392670333,0.206750682
189,KS,2018,13.33166667,0.415667937,0.384489255,0.199842814
190,KS,2019,12.705,0.415411082,0.389267242,0.195321679
191,KS,2020,11.83,0.430514649,0.37323313,0.196252253
192,KY,2009,8.385,0.38087706,0.246936947,0.372185799
193,KY,2010,8.636666667,0.391367425,0.242627473,0.36600515
194,KY,2011,9.255833333,0.3861319,0.247987751,0.365880485
195,KY,2012,9.4575,0.377977827,0.253321035,0.368701472
196,KY,2013,9.819166667,0.401386791,0.276247131,0.32236608
197,KY,2014,10.23583333,0.430671255,0.282755733,0.286573014
198,KY,2015,10.32,0.430065356,0.299808135,0.270126511
199,KY,2016,10.53583333,0.436767546,0.305781776,0.257450682
200,KY,2017,10.8775,0.431230076,0.305902503,0.262867423
201,KY,2018,10.63416667,0.447985131,0.298801103,0.253213769
202,KY,2019,10.70166667,0.45233511,0.311919133,0.235745755
203,KY,2020,10.62,0.489914703,0.295921631,0.214163665
204,LA,2009,8.133333333,0.430013185,0.32467605,0.245143862
205,LA,2010,8.971666667,0.436480839,0.311328559,0.25203592
206,LA,2011,8.915833333,0.426484803,0.311569374,0.261807865
207,LA,2012,8.3825,0.42547073,0.322890531,0.251479375
208,LA,2013,9.391666667,0.415076275,0.316644816,0.26812182
209,LA,2014,9.586666667,0.406736016,0.305175158,0.287941418
210,LA,2015,9.309166667,0.414701843,0.310731465,0.274424608
211,LA,2016,9.326666667,0.413980151,0.315132009,0.270723528
212,LA,2017,9.7,0.400635128,0.310174429,0.289005956
213,LA,2018,9.6025,0.418507119,0.302348399,0.278979858
214,LA,2019,9.5,0.425382344,0.314027974,0.260431609
215,LA,2020,9.05,0.425247033,0.309690059,0.26490108
216,MA,2009,16.88833333,0.389667219,0.325583252,0.282137688
217,MA,2010,14.60166667,0.382153248,0.325723358,0.289330235
218,MA,2011,14.6725,0.38185315,0.324880817,0.290455004
219,MA,2012,14.93166667,0.395620202,0.322270726,0.279847755
220,MA,2013,15.83083333,0.406826629,0.315065446,0.272176176
221,MA,2014,17.41333333,0.415847693,0.45836121,0.121990999
222,MA,2015,19.82166667,0.43057887,0.449441594,0.117023029
223,MA,2016,19.04916667,0.4227096,0.460249334,0.114728351
224,MA,2017,20.095,0.430654583,0.460636634,0.106285133
225,MA,2018,21.63083333,0.442450285,0.453240268,0.102053111
226,MA,2019,22.04666667,0.458282587,0.448162634,0.091267147
227,MA,2020,22.91,0.489961153,0.422487942,0.084059112
228,MD,2009,14.985,0.489287311,0.438382046,0.065159794
229,MD,2010,14.29166667,0.494269387,0.439703622,0.059403313
230,MD,2011,13.3325,0.474926698,0.459855643,0.058657731
231,MD,2012,12.84333333,0.487942667,0.452725775,0.052965794
232,MD,2013,13.2575,0.502061919,0.445288214,0.046213519
233,MD,2014,13.67,0.499918918,0.446704883,0.047144254
234,MD,2015,13.94666667,0.503323761,0.44562137,0.045043951
235,MD,2016,14.29,0.514393276,0.439061145,0.040797974
236,MD,2017,13.9975,0.509397783,0.439633925,0.045197828
237,MD,2018,13.3325,0.518485517,0.431227218,0.044735996
238,MD,2019,13.20166667,0.526639787,0.425363996,0.041760593
239,MD,2020,13.42,0.569538243,0.388677067,0.03567593
240,ME,2009,15.6175,0.45898059,0.34665004,0.194369364
241,ME,2010,15.72083333,0.462833727,0.347249063,0.189917107
242,ME,2011,15.38083333,0.468673499,0.344075867,0.187251992
243,ME,2012,14.65333333,0.479940937,0.342400567,0.17765766
244,ME,2013,14.35666667,0.474981758,0.335652794,0.189365448
245,ME,2014,15.31333333,0.468187416,0.333916442,0.197896146
246,ME,2015,15.6125,0.47756789,0.330186544,0.192245569
247,ME,2016,15.84083333,0.494597263,0.328866485,0.176536267
248,ME,2017,15.96666667,0.506759865,0.32508062,0.168159522
249,ME,2018,16.87666667,0.49350464,0.335816099,0.170679251
250,ME,2019,17.895,0.521402975,0.325090653,0.153506384
251,ME,2020,16.79,0.546154318,0.316347029,0.137498652
252,MI,2009,11.62416667,0.412213125,0.379914126,0.207808292
253,MI,2010,12.43083333,0.417738621,0.367412179,0.214798105
254,MI,2011,13.25,0.419612655,0.366427302,0.213918065
255,MI,2012,14.08666667,0.419302363,0.367572682,0.213075242
256,MI,2013,14.61,0.428333448,0.361464307,0.210155855
257,MI,2014,14.49416667,0.424278333,0.356545211,0.219140109
258,MI,2015,14.41666667,0.434494255,0.368742986,0.196717949
259,MI,2016,15.20666667,0.452287972,0.360651397,0.187017139
260,MI,2017,15.39583333,0.439854872,0.367665211,0.192419291
261,MI,2018,15.43916667,0.451485631,0.364077068,0.184375612
262,MI,2019,15.82083333,0.447562393,0.372078593,0.180301267
263,MI,2020,15.74,0.467203282,0.366167698,0.166572443
264,MN,2009,10.08333333,0.423788431,0.339445222,0.236439642
265,MN,2010,10.60583333,0.415484517,0.331678339,0.252537003
266,MN,2011,10.98916667,0.415222284,0.325952746,0.258558038
267,MN,2012,11.35583333,0.413991481,0.330664179,0.255093303
268,MN,2013,11.8425,0.417044645,0.336442607,0.246222805
269,MN,2014,12.06416667,0.417555336,0.344223053,0.237866712
270,MN,2015,12.14916667,0.413681449,0.347806526,0.238148559
271,MN,2016,12.71333333,0.414417715,0.34919031,0.23602555
272,MN,2017,13.08166667,0.407467464,0.353362026,0.238837299
273,MN,2018,13.16833333,0.420774943,0.340832621,0.238042014
274,MN,2019,13.3075,0.422007964,0.34385232,0.233792696
275,MN,2020,12.49,0.46674861,0.322229005,0.210630023
276,MO,2009,8.573333333,0.495930638,0.36282696,0.141031633
277,MO,2010,9.071666667,0.499066437,0.354358491,0.146373052
278,MO,2011,9.705833333,0.493602049,0.358021879,0.148158485
279,MO,2012,10.06333333,0.490084399,0.358638929,0.151061773
280,MO,2013,10.60583333,0.495124577,0.356809347,0.147835261
281,MO,2014,10.72083333,0.496328011,0.357767603,0.145681051
282,MO,2015,11.23333333,0.490672896,0.36494994,0.144152401
283,MO,2016,11.15583333,0.497419097,0.374010151,0.128337083
284,MO,2017,11.57166667,0.497350716,0.374017723,0.128380107
285,MO,2018,11.29166667,0.51875412,0.360626753,0.120371639
286,MO,2019,10.80166667,0.521042859,0.374973079,0.103730201
287,MO,2020,9.52,0.559332822,0.346279099,0.09412782
288,MS,2009,10.24583333,0.450072321,0.304722583,0.24520489
289,MS,2010,9.904166667,0.462117043,0.302301193,0.235582625
290,MS,2011,10.23166667,0.449833795,0.302682321,0.24748442
291,MS,2012,10.3075,0.440437519,0.305691815,0.253871211
292,MS,2013,10.81083333,0.445868856,0.323164625,0.230966524
293,MS,2014,11.37166667,0.449123089,0.322619358,0.228257558
294,MS,2015,11.32166667,0.44709243,0.328505154,0.224402411
295,MS,2016,10.52916667,0.450658436,0.328027542,0.221314032
296,MS,2017,11.11583333,0.441934174,0.333946581,0.224119246
297,MS,2018,11.21666667,0.458126623,0.32641897,0.215454411
298,MS,2019,11.375,0.468357078,0.31563448,0.21600844
299,MS,2020,11.33,0.480985141,0.299787964,0.219226895
300,MT,2009,9.000833333,0.39139804,0.368399874,0.240204182
301,MT,2010,9.235,0.400287988,0.380589301,0.219120727
302,MT,2011,9.8325,0.419752944,0.394217232,0.186032669
303,MT,2012,10.13416667,0.41968899,0.393769431,0.186542577
304,MT,2013,10.4,0.420542444,0.388149743,0.191307812
305,MT,2014,10.26333333,0.414897692,0.39218554,0.192916742
306,MT,2015,10.93916667,0.412949386,0.39718813,0.189862468
307,MT,2016,11.01,0.423906206,0.396475748,0.179618052
308,MT,2017,11.01833333,0.432810745,0.385385391,0.181803885
309,MT,2018,11.03333333,0.431760183,0.381257293,0.18698257
310,MT,2019,11.4725,0.430768817,0.3810134,0.188217783
311,MT,2020,11.15,0.506285384,0.352703467,0.141011149
312,NC,2009,10.03,0.517024116,0.342656957,0.140276077
313,NC,2010,10.16416667,0.526572947,0.333648998,0.139735246
314,NC,2011,10.3175,0.520398379,0.336436278,0.143119966
315,NC,2012,10.93333333,0.505536582,0.345427187,0.148987555
316,NC,2013,11.01666667,0.512862535,0.341705927,0.145382106
317,NC,2014,11.16583333,0.521369863,0.336299653,0.14227537
318,NC,2015,11.3475,0.516431674,0.337859451,0.145653927
319,NC,2016,11.0825,0.518126707,0.340785483,0.141046663
320,NC,2017,10.96166667,0.514637457,0.341343157,0.143993795
321,NC,2018,11.1475,0.53211279,0.331439811,0.136367323
322,NC,2019,11.59833333,0.533189739,0.338518189,0.128172375
323,NC,2020,11.01,0.562985641,0.318788344,0.118112216
324,ND,2009,7.8175,0.399204319,0.371292135,0.229500034
325,ND,2010,8.35,0.385267604,0.370284586,0.24444552
326,ND,2011,8.850833333,0.377660425,0.359782293,0.262559343
327,ND,2012,9.2475,0.350519265,0.356669483,0.292813159
328,ND,2013,9.379166667,0.347145483,0.363511653,0.289342885
329,ND,2014,9.48,0.317821121,0.309833537,0.372345363
330,ND,2015,9.886666667,0.293362181,0.350025905,0.356611902
331,ND,2016,10.3975,0.289524102,0.351108761,0.359367149
332,ND,2017,10.58416667,0.280480427,0.339718865,0.379800702
333,ND,2018,10.515,0.284349483,0.33771873,0.377931786
334,ND,2019,10.72333333,0.272330082,0.318946332,0.408723602
335,ND,2020,9.01,0.311507868,0.310952894,0.377539181
336,NE,2009,8.6125,0.399399039,0.334942721,0.26565799
337,NE,2010,8.984166667,0.39889801,0.327599637,0.273502413
338,NE,2011,9.361666667,0.394043844,0.314692342,0.291265117
339,NE,2012,10.00666667,0.373506219,0.304155693,0.32233921
340,NE,2013,10.35833333,0.386582242,0.303217326,0.31020044
341,NE,2014,10.4925,0.389797002,0.313105492,0.297097514
342,NE,2015,10.64,0.383052822,0.309881155,0.307066028
343,NE,2016,10.85,0.383743244,0.302579027,0.31367773
344,NE,2017,10.99666667,0.383632911,0.30045232,0.315914781
345,NE,2018,10.7625,0.398713481,0.30351208,0.297774455
346,NE,2019,10.97083333,0.403467618,0.31097879,0.285553591
347,NE,2020,9.6,0.438276746,0.299839413,0.261883797
348,NH,2009,16.40583333,0.447759087,0.395563874,0.156676486
349,NH,2010,16.345,0.452001478,0.394080896,0.153917052
350,NH,2011,16.54083333,0.458420169,0.392931667,0.148646401
351,NH,2012,16.09583333,0.461284501,0.388466328,0.150249121
352,NH,2013,16.365,0.469796246,0.387263939,0.142939814
353,NH,2014,17.58833333,0.473591379,0.384873255,0.141535367
354,NH,2015,18.49416667,0.473198411,0.382637526,0.14416408
355,NH,2016,18.40666667,0.47674087,0.378138428,0.145120691
356,NH,2017,19.2425,0.487813185,0.373348448,0.138838359
357,NH,2018,19.73,0.484145913,0.37488549,0.140968595
358,NH,2019,20.13583333,0.490200865,0.373200729,0.13659841
359,NH,2020,20.23,0.577186859,0.30148902,0.121324057
360,NJ,2009,16.21916667,0.408874854,0.497262679,0.090174346
361,NJ,2010,16.44833333,0.425060005,0.484169443,0.087403367
362,NJ,2011,16.22416667,0.428661208,0.483306534,0.084971783
363,NJ,2012,15.755,0.434556507,0.481599654,0.081047958
364,NJ,2013,15.655,0.434184677,0.481392828,0.081231313
365,NJ,2014,15.73333333,0.423265826,0.489839214,0.083780975
366,NJ,2015,15.74,0.438465731,0.482046632,0.076405397
367,NJ,2016,15.63666667,0.445666793,0.476507627,0.075143986
368,NJ,2017,15.61416667,0.439442522,0.480693307,0.077046752
369,NJ,2018,15.41166667,0.446507597,0.475553245,0.075092662
370,NJ,2019,15.875,0.453444816,0.473789592,0.070036034
371,NJ,2020,15.43,0.459776676,0.469758272,0.06764528
372,NM,2009,9.9975,0.370090233,0.419265947,0.21064481
373,NM,2010,10.47583333,0.375655179,0.410550051,0.213795362
374,NM,2011,10.9525,0.372348576,0.41786469,0.209787199
375,NM,2012,11.29833333,0.373603341,0.417906298,0.20848967
376,NM,2013,11.62833333,0.370863175,0.410258822,0.218878008
377,NM,2014,12.21,0.361920694,0.41304036,0.225038949
378,NM,2015,12.4275,0.370583945,0.411946914,0.217469154
379,NM,2016,11.97166667,0.37672982,0.40928541,0.213984765
380,NM,2017,12.83333333,0.375916029,0.406364709,0.217719266
381,NM,2018,12.62666667,0.381464723,0.403048323,0.215486954
382,NM,2019,12.59416667,0.382183787,0.403781875,0.214034336
383,NM,2020,12.08,0.426463028,0.359985797,0.213551229
384,NV,2009,12.87666667,0.420591956,0.276306948,0.302863352
385,NV,2010,12.44,0.427982696,0.277440322,0.294330264
386,NV,2011,11.65416667,0.431019181,0.278048447,0.290701835
387,NV,2012,11.93833333,0.447315526,0.270764552,0.281699276
388,NV,2013,12.01583333,0.44528185,0.273664264,0.280830658
389,NV,2014,13.0325,0.442354453,0.271294349,0.28612102
390,NV,2015,12.89,0.452055566,0.270063416,0.277652899
391,NV,2016,11.57916667,0.469858757,0.270547301,0.259370261
392,NV,2017,12.08833333,0.474040204,0.283863849,0.241858675
393,NV,2018,11.9875,0.477285982,0.294029519,0.228468415
394,NV,2019,12.10166667,0.466351988,0.30412461,0.229309838
395,NV,2020,11.98,0.463837256,0.321068127,0.214864795
396,NY,2009,17.475,0.389752394,0.539473142,0.052271705
397,NY,2010,18.69333333,0.400336417,0.531940854,0.050526899
398,NY,2011,18.21333333,0.407732361,0.528014813,0.046482404
399,NY,2012,17.55416667,0.409807301,0.528997766,0.042934256
400,NY,2013,18.73416667,0.416462167,0.513706309,0.052487633
401,NY,2014,20.05916667,0.417980591,0.515789082,0.049645722
402,NY,2015,18.49916667,0.414486377,0.51893916,0.050390461
403,NY,2016,17.5425,0.415582137,0.517732876,0.050909773
404,NY,2017,18.00416667,0.413413721,0.520136951,0.049873593
405,NY,2018,18.47416667,0.432919919,0.501033239,0.04966816
406,NY,2019,17.89333333,0.430602413,0.506580885,0.045334276
407,NY,2020,17.55,0.455193495,0.485191378,0.04191781
408,OH,2009,10.74666667,0.413624189,0.332737777,0.25331962
409,OH,2010,11.34916667,0.432845668,0.323069605,0.243861364
410,OH,2011,11.45416667,0.43514668,0.326122246,0.238566743
411,OH,2012,11.765,0.438061534,0.319967746,0.241798331
412,OH,2013,12.03833333,0.451178829,0.316397317,0.232211205
413,OH,2014,12.59166667,0.447805109,0.316101849,0.23584345
414,OH,2015,12.83,0.439921016,0.320056671,0.239816309
415,OH,2016,12.5075,0.438300857,0.32270884,0.238769405
416,OH,2017,12.65083333,0.43333546,0.322493647,0.243965612
417,OH,2018,12.5775,0.448214482,0.314294821,0.237316647
418,OH,2019,12.18333333,0.461320938,0.326561715,0.211927943
419,OH,2020,11.61,0.497036215,0.307447678,0.195298051
420,OK,2009,8.578333333,0.480710719,0.334586847,0.184703695
421,OK,2010,9.175833333,0.487495596,0.323832554,0.188672128
422,OK,2011,9.508333333,0.487529419,0.321950779,0.190520025
423,OK,2012,9.559166667,0.478463333,0.32894573,0.19259051
424,OK,2013,9.723333333,0.473868165,0.327234214,0.198897627
425,OK,2014,10.0925,0.463091869,0.328707272,0.208200857
426,OK,2015,10.22583333,0.469100697,0.328416082,0.202483232
427,OK,2016,10.23,0.476557433,0.33102229,0.192420288
428,OK,2017,10.69333333,0.462771089,0.33610224,0.201126673
429,OK,2018,10.34583333,0.471618125,0.328646631,0.199735239
430,OK,2019,10.13,0.48818651,0.309318221,0.202495275
431,OK,2020,9.06,0.506664269,0.29008835,0.203247381
432,OR,2009,8.719166667,0.479534879,0.339354503,0.180653504
433,OR,2010,8.906666667,0.478063711,0.338767547,0.182660671
434,OR,2011,9.565833333,0.484747888,0.340565128,0.174167736
435,OR,2012,9.83,0.478807746,0.344312085,0.176345743
436,OR,2013,9.924166667,0.47116534,0.349855315,0.178479762
437,OR,2014,10.50833333,0.470925358,0.343271106,0.185275449
438,OR,2015,10.695,0.469114874,0.342339416,0.188009725
439,OR,2016,10.69666667,0.470164838,0.343837314,0.185462037
440,OR,2017,10.69416667,0.480971964,0.334911147,0.183576147
441,OR,2018,11.02666667,0.473766182,0.336794324,0.188891917
442,OR,2019,11.01833333,0.486576005,0.338316363,0.174536907
443,OR,2020,10.69,0.541648841,0.312510082,0.145308814
444,PA,2009,11.70916667,0.444288481,0.321858321,0.22888329
445,PA,2010,12.74833333,0.454520959,0.312533535,0.228336434
446,PA,2011,13.30416667,0.46530266,0.281887741,0.247940317
447,PA,2012,12.76,0.46782859,0.283489551,0.243714699
448,PA,2013,12.81666667,0.481758586,0.279153448,0.234647358
449,PA,2014,13.34916667,0.475953584,0.281025935,0.238787351
450,PA,2015,13.71666667,0.489377737,0.279350202,0.227209408
451,PA,2016,13.89916667,0.501708082,0.272372041,0.221844375
452,PA,2017,14.26,0.505934888,0.265155888,0.225167382
453,PA,2018,13.92083333,0.514064925,0.257865977,0.224411143
454,PA,2019,13.8425,0.523839803,0.247567967,0.225419218
455,PA,2020,13.63,0.564456098,0.219181907,0.213799839
456,RI,2009,15.66416667,0.421412655,0.466480389,0.112107885
457,RI,2010,15.94083333,0.450157774,0.442138513,0.104257973
458,RI,2011,14.32583333,0.442147709,0.45077882,0.103238137
459,RI,2012,14.4,0.454871317,0.441935533,0.101205464
460,RI,2013,15.24416667,0.447563279,0.445842954,0.103286352
461,RI,2014,17.23333333,0.446623713,0.452793947,0.097032677
462,RI,2015,19.34333333,0.462743178,0.44887609,0.084662216
463,RI,2016,18.65833333,0.465150062,0.445663202,0.084988298
464,RI,2017,18.40416667,0.456165276,0.452353626,0.087561642
465,RI,2018,20.685,0.465236552,0.448376529,0.083000817
466,RI,2019,21.85583333,0.474656311,0.441398089,0.080216631
467,RI,2020,24.24,0.575453685,0.341807446,0.078703021
468,SC,2009,10.48083333,0.47677776,0.292058514,0.231163586
469,SC,2010,10.54666667,0.487363795,0.284877841,0.227758723
470,SC,2011,11.12,0.475876602,0.28477991,0.239343927
471,SC,2012,11.775,0.467832418,0.289733185,0.242434544
472,SC,2013,12.01166667,0.473676348,0.287511655,0.238811997
473,SC,2014,12.485,0.481841404,0.282765651,0.235392951
474,SC,2015,12.61,0.480355818,0.288712728,0.230931453
475,SC,2016,12.66583333,0.492825795,0.295202969,0.211971236
476,SC,2017,13.0225,0.486040164,0.296271649,0.217688191
477,SC,2018,12.50416667,0.498067973,0.285666188,0.21626584
478,SC,2019,12.78916667,0.505225665,0.289803555,0.204970784
479,SC,2020,12.27,0.53281953,0.278526747,0.18865374
480,SD,2009,8.600833333,0.469047846,0.373114928,0.157831962
481,SD,2010,9.099166667,0.465764939,0.372099108,0.162135818
482,SD,2011,9.465,0.461190128,0.367563488,0.171243972
483,SD,2012,10.13083333,0.448818743,0.370813761,0.180366564
484,SD,2013,10.365,0.456652774,0.367427291,0.17591997
485,SD,2014,10.62,0.44993099,0.364444477,0.185624532
486,SD,2015,11.175,0.440481015,0.379980722,0.179538288
487,SD,2016,11.5675,0.442592759,0.378290508,0.179116765
488,SD,2017,11.8875,0.441119762,0.372081308,0.186798932
489,SD,2018,11.6925,0.452729652,0.368379875,0.178890513
490,SD,2019,11.7225,0.452763209,0.375088251,0.172148564
491,SD,2020,10.68,0.496726622,0.353292589,0.149980789
492,TN,2009,9.325833333,0.451747836,0.327918659,0.220309181
493,TN,2010,9.315,0.464594442,0.319390514,0.215991396
494,TN,2011,10.01666667,0.455494125,0.3210896,0.223393885
495,TN,2012,10.11666667,0.446787736,0.326324684,0.226864996
496,TN,2013,9.985,0.459750014,0.380395087,0.159831021
497,TN,2014,10.37916667,0.464050839,0.371232426,0.164706068
498,TN,2015,10.35833333,0.459942119,0.386094368,0.153963513
499,TN,2016,10.42666667,0.464267975,0.390316815,0.14541521
500,TN,2017,10.7325,0.456794011,0.388416297,0.154789693
501,TN,2018,10.75083333,0.479199665,0.395103991,0.125696343
502,TN,2019,10.81,0.483496513,0.404483648,0.11201984
503,TN,2020,10.84,0.507041845,0.384191549,0.108766606
504,TX,2009,12.40833333,0.465163247,0.338601398,0.196027827
505,TX,2010,11.595,0.468791248,0.336181386,0.194803761
506,TX,2011,11.07833333,0.470400796,0.337671738,0.19171724
507,TX,2012,10.98833333,0.477495804,0.350784765,0.171477749
508,TX,2013,11.35,0.480412224,0.336254454,0.183144604
509,TX,2014,11.86416667,0.475511698,0.328403016,0.195825303
510,TX,2015,11.57916667,0.488078281,0.328425816,0.18320914
511,TX,2016,11.01583333,0.471655234,0.344829533,0.18307749
512,TX,2017,11.02833333,0.466415721,0.339458984,0.19367527
513,TX,2018,11.22083333,0.48391997,0.328036474,0.187615646
514,TX,2019,11.97416667,0.502994585,0.312376413,0.184287356
515,TX,2020,11.75,0.501582854,0.316896621,0.181149848
516,UT,2009,8.4375,0.392858711,0.383063275,0.222611826
517,UT,2010,8.649166667,0.39137099,0.382498248,0.224594184
518,UT,2011,8.930833333,0.387072542,0.378173554,0.233179934
519,UT,2012,9.85,0.386967909,0.375422847,0.235968997
520,UT,2013,10.3025,0.388830259,0.370686893,0.238107762
521,UT,2014,10.58166667,0.377779313,0.377073525,0.242619238
522,UT,2015,10.81833333,0.380875503,0.389788168,0.227122412
523,UT,2016,10.93833333,0.387398829,0.38764286,0.222802322
524,UT,2017,10.8675,0.39043159,0.388641218,0.218674804
525,UT,2018,10.3725,0.389633151,0.390695218,0.217495892
526,UT,2019,10.4975,0.391700045,0.386183213,0.219916591
527,UT,2020,10.09,0.416479572,0.357336697,0.223904926
528,VA,2009,10.65083333,0.486639034,0.391448529,0.12021938
529,VA,2010,10.48,0.504781095,0.375798576,0.117919483
530,VA,2011,10.67666667,0.495414219,0.38653034,0.116439883
531,VA,2012,11.0975,0.489258825,0.388815182,0.120272008
532,VA,2013,10.88583333,0.495156163,0.387621108,0.115600529
533,VA,2014,11.18833333,0.497887842,0.380700469,0.119779831
534,VA,2015,11.40333333,0.495783005,0.383817993,0.118851343
535,VA,2016,11.40166667,0.497873677,0.385653644,0.115065721
536,VA,2017,11.58,0.493197821,0.394943313,0.110437116
537,VA,2018,11.77083333,0.499041466,0.389846363,0.10963054
538,VA,2019,12.05583333,0.499569786,0.397601072,0.101404004
539,VA,2020,11.69,0.539657925,0.35479073,0.103492218
540,VT,2009,14.93,0.449547275,0.36840526,0.182051815
541,VT,2010,15.61166667,0.446284802,0.36723924,0.186477343
542,VT,2011,16.29916667,0.450140975,0.367734225,0.182123475
543,VT,2012,17.005,0.45324922,0.365235421,0.181516622
544,VT,2013,17.18666667,0.444936864,0.36281613,0.192247043
545,VT,2014,17.52416667,0.455391021,0.36562172,0.17898732
546,VT,2015,17.14,0.447381328,0.368513459,0.184105226
547,VT,2016,17.405,0.446643026,0.367825674,0.185531264
548,VT,2017,17.71083333,0.450530601,0.365564596,0.183904805
549,VT,2018,18.055,0.454000504,0.365778395,0.180221128
550,VT,2019,17.7125,0.441579444,0.378369492,0.180051063
551,VT,2020,19.27,0.490946757,0.3395187,0.169534544
552,WA,2009,7.6975,0.46847324,0.355961893,0.175537954
553,WA,2010,8.075833333,0.462423359,0.355485963,0.182004257
554,WA,2011,8.308333333,0.46878389,0.349223012,0.181896206
555,WA,2012,8.559166667,0.467816805,0.352343439,0.179751883
556,WA,2013,8.73,0.469747535,0.352845781,0.177333871
557,WA,2014,8.704166667,0.457747377,0.35529541,0.186895941
558,WA,2015,9.1275,0.461346215,0.362353644,0.176234951
559,WA,2016,9.525,0.470532437,0.360453187,0.16893472
560,WA,2017,9.710833333,0.488091048,0.352646366,0.159171391
561,WA,2018,9.778333333,0.474203177,0.358375626,0.167327743
562,WA,2019,9.66,0.477790891,0.356484728,0.164389876
563,WA,2020,9.43,0.541576287,0.325455813,0.131562044
564,WI,2009,11.95416667,0.410405646,0.346230975,0.243364041
565,WI,2010,12.67,0.417622997,0.34244818,0.239928665
566,WI,2011,13.04666667,0.410528638,0.343652884,0.245818326
567,WI,2012,13.21,0.408771126,0.345690016,0.245539147
568,WI,2013,13.5725,0.411400381,0.350154724,0.238444893
569,WI,2014,13.7175,0.407085157,0.348619194,0.244295652
570,WI,2015,14.15083333,0.405538749,0.347712141,0.246745314
571,WI,2016,14.10333333,0.410885511,0.346203991,0.242906715
572,WI,2017,14.38166667,0.409254355,0.346263909,0.24447794
573,WI,2018,14.05,0.418396933,0.342786708,0.238812505
574,WI,2019,14.67916667,0.421347922,0.338961242,0.239668364
575,WI,2020,14.31,0.464663964,0.32044638,0.214863753
576,WV,2009,7.948333333,0.4498605,0.261439845,0.288546229
577,WV,2010,8.868333333,0.451992098,0.258224747,0.289630616
578,WV,2011,9.468333333,0.443547636,0.258672393,0.297633256
579,WV,2012,9.890833333,0.436441555,0.262264503,0.301149176
580,WV,2013,9.564166667,0.439969872,0.257848348,0.302042965
581,WV,2014,9.4025,0.440260731,0.25407414,0.305665129
582,WV,2015,10.23166667,0.435357114,0.258156272,0.306486618
583,WV,2016,11.54583333,0.446746648,0.255890197,0.297363156
584,WV,2017,11.68,0.426478188,0.254781064,0.318740752
585,WV,2018,11.2275,0.441827612,0.246349129,0.311823262
586,WV,2019,11.30083333,0.442298679,0.245764321,0.311937006
587,WV,2020,10.84,0.485146443,0.226297765,0.288555792
588,WY,2009,8.683333333,0.230907636,0.310321499,0.458768951
589,WY,2010,8.8775,0.224540754,0.30239849,0.473057045
590,WY,2011,9.2,0.221807053,0.293467773,0.484727783
591,WY,2012,9.9175,0.218222102,0.28702312,0.494754064
592,WY,2013,10.23833333,0.222097374,0.270641915,0.507260726
593,WY,2014,10.59833333,0.216308073,0.267378014,0.516313945
594,WY,2015,11.05083333,0.216772018,0.265576079,0.517651924
595,WY,2016,11.225,0.224893637,0.261154629,0.513951734
596,WY,2017,11.47416667,0.225905944,0.263060275,0.511033788
597,WY,2018,11.3775,0.226092087,0.26383282,0.510075086
598,WY,2019,11.32166667,0.235120904,0.260956937,0.50392219
599,WY,2020,10.49,0.273840918,0.250572217,0.475586951